variant,depth,threads,run,elapsed_sec
lock,14,1,1,2.894631
tas,14,1,1,2.046563
parallel,14,1,1,2.507480
lock,14,2,1,3.689772
tas,14,2,1,2.190234
parallel,14,2,1,2.783747
lock,14,4,1,8.120764
tas,14,4,1,6.301983
parallel,14,4,1,8.350221
lock,14,8,1,26.186135
tas,14,8,1,18.090237
parallel,14,8,1,27.983003
