variant,depth,threads,run,elapsed_sec
lock,14,1,1,1.621145
tas,14,1,1,1.512568
parallel,14,1,1,1.775624
lock,14,2,1,2.971936
tas,14,2,1,2.593372
parallel,14,2,1,3.238483
lock,14,4,1,8.027752
tas,14,4,1,7.600329
parallel,14,4,1,9.021656
