variant,depth,threads,run,elapsed_sec
lock,14,1,1,2.527312
tas,14,1,1,1.707289
parallel,14,1,1,2.154656
lock,14,2,1,4.309020
tas,14,2,1,2.962110
parallel,14,2,1,3.542967
lock,14,4,1,9.992627
tas,14,4,1,6.917761
parallel,14,4,1,8.915524
lock,14,8,1,24.395087
tas,14,8,1,17.578181
parallel,14,8,1,25.005488
