depth,threads,lock_mean,tas_mean,parallel_mean,speedup_lock_over_tas,speedup_lock_over_parallel,speedup_tas_over_parallel
14,1,2.527312,1.707289,2.154656,1.480307,1.172954,0.792372
14,2,4.309020,2.962110,3.542967,1.454713,1.216218,0.836054
14,4,9.992627,6.917761,8.915524,1.444489,1.120812,0.775923
14,8,24.395087,17.578181,25.005488,1.387805,0.975589,0.702973
