depth,threads,lock_mean_sec,tas_mean_sec,speedup_lock_over_tas
10,1,0.162358,0.246056,0.659841
10,2,0.264471,0.392482,0.673842
10,4,0.574931,0.558986,1.028524
10,8,1.019945,0.713239,1.430019
12,1,0.295364,0.546061,0.540899
12,2,0.740053,0.870709,0.849943
12,4,1.918910,1.323489,1.449887
12,8,4.439552,3.492948,1.271004
14,1,1.097294,1.320586,0.830914
14,2,3.058633,2.631121,1.162483
14,4,8.892024,7.079085,1.256098
14,8,23.811894,20.827908,1.143269
