depth,threads,lock_mean,tas_mean,parallel_mean,speedup_lock_over_tas,speedup_lock_over_parallel,speedup_tas_over_parallel
14,1,2.454937,1.975357,2.242177,1.242781,1.094890,0.881000
14,2,4.353735,3.640471,3.892918,1.195926,1.118373,0.935152
14,4,9.207478,7.519964,7.946831,1.224405,1.158635,0.946285
14,8,22.722833,19.804289,22.565686,1.147369,1.006964,0.877628
15,1,2.412606,3.212401,3.254497,0.751029,0.741315,0.987065
15,2,9.029174,6.991943,7.451847,1.291368,1.211669,0.938283
15,4,20.742849,17.419519,20.379516,1.190782,1.017828,0.854756
15,8,58.741213,60.546264,71.778996,0.970187,0.818362,0.843509
